TIME,OR1,OR2,OR3,deslogin,desoper,despublic,svn,eups,prodbeta,production
Tue Feb 16 13:49:46 2016,1.0,1.0,1.0,1.0,1.0,1.0,1.0,1.0,1.0,1.0
Tue Feb 16 14:20:00 2016,1.0,1.0,1.0,1.0,1.0,1.0,1.0,1.0,1.0,1.0
Tue Feb 16 14:50:15 2016,1.0,1.0,1.0,1.0,1.0,1.0,1.0,1.0,1.0,1.0
Tue Feb 16 15:21:50 2016,1.0,1.0,1.0,1.0,1.0,1.0,1.0,1.0,1.0,1.0
Tue Feb 16 15:53:31 2016,1.0,1.0,1.0,1.0,1.0,1.0,1.0,1.0,1.0,1.0
Tue Feb 16 16:26:08 2016,1.0,1.0,1.0,1.0,1.0,1.0,1.0,1.0,1.0,1.0
Tue Feb 16 16:58:04 2016,1.0,1.0,1.0,1.0,1.0,1.0,1.0,1.0,1.0,1.0
Tue Feb 16 17:29:52 2016,1.0,1.0,1.0,1.0,1.0,1.0,1.0,1.0,1.0,1.0
Tue Feb 16 18:01:24 2016,1.0,1.0,1.0,1.0,1.0,1.0,1.0,1.0,1.0,1.0
Tue Feb 16 18:31:39 2016,1.0,1.0,1.0,1.0,1.0,1.0,1.0,1.0,1.0,1.0
Tue Feb 16 19:01:53 2016,1.0,1.0,1.0,1.0,1.0,1.0,1.0,1.0,1.0,1.0
Tue Feb 16 19:33:25 2016,1.0,1.0,1.0,1.0,1.0,1.0,1.0,1.0,1.0,1.0
Tue Feb 16 20:04:59 2016,1.0,1.0,1.0,1.0,1.0,1.0,1.0,1.0,1.0,1.0
Tue Feb 16 20:35:13 2016,1.0,1.0,1.0,1.0,1.0,1.0,1.0,1.0,1.0,1.0
Tue Feb 16 21:05:27 2016,1.0,1.0,1.0,1.0,1.0,1.0,1.0,1.0,1.0,1.0
Tue Feb 16 21:35:42 2016,1.0,1.0,1.0,1.0,1.0,1.0,1.0,1.0,1.0,1.0
Tue Feb 16 22:05:58 2016,1.0,1.0,1.0,1.0,1.0,1.0,1.0,1.0,1.0,1.0
Tue Feb 16 22:36:12 2016,1.0,1.0,1.0,1.0,1.0,1.0,1.0,1.0,1.0,1.0
Tue Feb 16 23:06:26 2016,1.0,1.0,1.0,1.0,1.0,1.0,1.0,1.0,1.0,1.0
Tue Feb 16 23:38:00 2016,1.0,1.0,1.0,1.0,1.0,1.0,1.0,1.0,1.0,1.0
Wed Feb 17 00:08:14 2016,1.0,1.0,1.0,1.0,1.0,1.0,1.0,1.0,1.0,1.0
Wed Feb 17 00:38:28 2016,1.0,1.0,1.0,1.0,1.0,1.0,1.0,1.0,1.0,1.0
Wed Feb 17 01:08:42 2016,1.0,1.0,1.0,1.0,1.0,1.0,1.0,1.0,1.0,1.0
Wed Feb 17 01:38:56 2016,1.0,1.0,1.0,1.0,1.0,1.0,1.0,1.0,1.0,1.0
Wed Feb 17 02:09:10 2016,1.0,1.0,1.0,1.0,1.0,1.0,1.0,1.0,1.0,1.0
Wed Feb 17 02:39:23 2016,1.0,1.0,1.0,1.0,1.0,1.0,1.0,1.0,1.0,1.0
Wed Feb 17 03:09:38 2016,1.0,1.0,1.0,1.0,1.0,1.0,1.0,1.0,1.0,1.0
Wed Feb 17 03:39:51 2016,1.0,1.0,1.0,1.0,1.0,1.0,1.0,1.0,1.0,1.0
Wed Feb 17 04:10:04 2016,1.0,1.0,1.0,1.0,1.0,1.0,1.0,1.0,1.0,1.0
Wed Feb 17 04:40:19 2016,1.0,1.0,1.0,1.0,1.0,1.0,1.0,1.0,1.0,1.0
Wed Feb 17 05:10:37 2016,1.0,1.0,1.0,1.0,1.0,1.0,1.0,1.0,1.0,1.0
Wed Feb 17 05:40:52 2016,1.0,1.0,1.0,1.0,1.0,1.0,1.0,1.0,1.0,1.0
Wed Feb 17 06:11:05 2016,1.0,1.0,1.0,1.0,1.0,1.0,1.0,1.0,1.0,1.0
Wed Feb 17 06:41:21 2016,1.0,1.0,1.0,1.0,1.0,1.0,1.0,1.0,1.0,1.0
Wed Feb 17 07:11:36 2016,1.0,1.0,1.0,1.0,1.0,1.0,1.0,1.0,1.0,1.0
Wed Feb 17 07:41:51 2016,1.0,1.0,1.0,1.0,1.0,1.0,1.0,1.0,1.0,1.0
Wed Feb 17 08:12:05 2016,1.0,1.0,1.0,1.0,1.0,1.0,1.0,1.0,1.0,1.0
Wed Feb 17 08:42:19 2016,1.0,1.0,1.0,1.0,1.0,1.0,1.0,1.0,1.0,1.0
Wed Feb 17 09:12:35 2016,1.0,1.0,1.0,1.0,1.0,1.0,1.0,1.0,1.0,1.0
Wed Feb 17 09:38:48 2016,1.0,1.0,1.0,1.0,1.0,1.0,1.0,1.0,1.0,1.0
Wed Feb 17 10:08:48 2016,1.0,1.0,1.0,1.0,1.0,1.0,1.0,1.0,1.0,1.0
Wed Feb 17 10:39:02 2016,1.0,1.0,1.0,1.0,1.0,1.0,1.0,1.0,1.0,1.0
Wed Feb 17 11:09:16 2016,1.0,1.0,1.0,1.0,1.0,1.0,1.0,1.0,1.0,1.0
Wed Feb 17 11:39:34 2016,1.0,1.0,1.0,1.0,1.0,1.0,1.0,1.0,1.0,1.0
Wed Feb 17 12:09:48 2016,1.0,1.0,1.0,1.0,1.0,1.0,1.0,1.0,1.0,1.0
Wed Feb 17 12:40:02 2016,1.0,1.0,1.0,1.0,1.0,1.0,1.0,1.0,1.0,1.0
Wed Feb 17 13:10:17 2016,1.0,1.0,1.0,1.0,1.0,1.0,1.0,1.0,1.0,1.0
Wed Feb 17 13:40:32 2016,1.0,1.0,1.0,1.0,1.0,1.0,1.0,1.0,1.0,1.0
Wed Feb 17 14:10:45 2016,1.0,1.0,1.0,1.0,1.0,1.0,1.0,1.0,1.0,1.0
Wed Feb 17 14:40:58 2016,1.0,1.0,1.0,1.0,1.0,1.0,1.0,1.0,1.0,1.0
Wed Feb 17 15:11:12 2016,1.0,1.0,1.0,1.0,1.0,1.0,1.0,1.0,1.0,1.0
Wed Feb 17 15:41:25 2016,1.0,1.0,1.0,1.0,1.0,1.0,1.0,1.0,1.0,1.0
Wed Feb 17 16:11:39 2016,1.0,1.0,1.0,1.0,1.0,1.0,1.0,1.0,1.0,1.0
Wed Feb 17 16:41:51 2016,1.0,1.0,1.0,1.0,1.0,1.0,1.0,1.0,1.0,1.0
Wed Feb 17 17:12:05 2016,1.0,1.0,1.0,1.0,1.0,1.0,1.0,1.0,1.0,1.0
Wed Feb 17 17:42:19 2016,1.0,1.0,1.0,1.0,1.0,1.0,1.0,1.0,1.0,1.0
Wed Feb 17 18:12:31 2016,1.0,1.0,1.0,1.0,1.0,1.0,1.0,1.0,1.0,1.0
Wed Feb 17 18:42:47 2016,1.0,1.0,1.0,1.0,1.0,1.0,1.0,1.0,1.0,1.0
Wed Feb 17 19:13:01 2016,1.0,1.0,1.0,1.0,1.0,1.0,1.0,1.0,1.0,1.0
Wed Feb 17 19:43:16 2016,1.0,1.0,1.0,1.0,1.0,1.0,1.0,1.0,1.0,1.0
Wed Feb 17 20:13:31 2016,1.0,1.0,1.0,1.0,1.0,1.0,1.0,1.0,1.0,1.0
Wed Feb 17 20:43:45 2016,1.0,1.0,1.0,1.0,1.0,1.0,1.0,1.0,1.0,1.0
Wed Feb 17 21:13:59 2016,1.0,1.0,1.0,1.0,1.0,1.0,1.0,1.0,1.0,1.0
Wed Feb 17 21:44:12 2016,1.0,1.0,1.0,1.0,1.0,1.0,1.0,1.0,1.0,1.0
Wed Feb 17 22:14:27 2016,1.0,1.0,1.0,1.0,1.0,1.0,1.0,1.0,1.0,1.0
Wed Feb 17 22:44:41 2016,1.0,1.0,1.0,1.0,1.0,1.0,1.0,1.0,1.0,1.0
Wed Feb 17 23:14:55 2016,1.0,1.0,1.0,1.0,1.0,1.0,1.0,1.0,1.0,1.0
Wed Feb 17 23:45:09 2016,1.0,1.0,1.0,1.0,1.0,1.0,1.0,1.0,1.0,1.0
Thu Feb 18 00:15:24 2016,1.0,1.0,1.0,1.0,1.0,1.0,1.0,1.0,1.0,1.0
Thu Feb 18 00:45:38 2016,1.0,1.0,1.0,1.0,1.0,1.0,1.0,1.0,1.0,1.0
Thu Feb 18 01:15:57 2016,1.0,1.0,1.0,1.0,1.0,1.0,1.0,1.0,1.0,1.0
Thu Feb 18 01:46:16 2016,1.0,1.0,1.0,1.0,1.0,1.0,1.0,1.0,1.0,1.0
Thu Feb 18 02:16:32 2016,1.0,1.0,1.0,1.0,1.0,1.0,1.0,1.0,1.0,1.0
Thu Feb 18 02:46:47 2016,1.0,1.0,1.0,1.0,1.0,1.0,1.0,1.0,1.0,1.0
Thu Feb 18 03:17:02 2016,1.0,1.0,1.0,1.0,1.0,1.0,1.0,1.0,1.0,1.0
Thu Feb 18 03:47:18 2016,1.0,1.0,1.0,1.0,1.0,1.0,1.0,1.0,1.0,1.0
Thu Feb 18 04:17:33 2016,1.0,1.0,1.0,1.0,1.0,1.0,1.0,1.0,1.0,1.0
Thu Feb 18 04:47:47 2016,1.0,1.0,1.0,1.0,1.0,1.0,1.0,1.0,1.0,1.0
Thu Feb 18 05:18:01 2016,1.0,1.0,1.0,1.0,1.0,1.0,1.0,1.0,1.0,1.0
Thu Feb 18 05:48:18 2016,1.0,1.0,1.0,1.0,1.0,1.0,1.0,1.0,1.0,1.0
Thu Feb 18 06:18:36 2016,1.0,1.0,1.0,1.0,1.0,1.0,1.0,1.0,1.0,1.0
Thu Feb 18 06:48:51 2016,1.0,1.0,1.0,1.0,1.0,1.0,1.0,1.0,1.0,1.0
Thu Feb 18 07:19:14 2016,1.0,1.0,1.0,1.0,1.0,1.0,1.0,1.0,1.0,1.0
Thu Feb 18 07:49:36 2016,1.0,1.0,1.0,1.0,1.0,1.0,1.0,1.0,1.0,1.0
Thu Feb 18 08:19:52 2016,1.0,1.0,1.0,1.0,1.0,1.0,1.0,1.0,1.0,1.0
Thu Feb 18 08:50:05 2016,1.0,1.0,1.0,1.0,1.0,1.0,1.0,1.0,1.0,1.0
Thu Feb 18 09:20:19 2016,1.0,1.0,1.0,1.0,1.0,1.0,1.0,1.0,1.0,1.0
Thu Feb 18 09:50:33 2016,1.0,1.0,1.0,1.0,1.0,1.0,1.0,1.0,1.0,1.0
Thu Feb 18 10:20:46 2016,1.0,1.0,1.0,1.0,1.0,1.0,1.0,1.0,1.0,1.0
Thu Feb 18 10:51:00 2016,1.0,1.0,1.0,1.0,1.0,1.0,1.0,1.0,1.0,1.0
Thu Feb 18 11:21:13 2016,1.0,1.0,1.0,1.0,1.0,1.0,1.0,1.0,1.0,1.0
Thu Feb 18 11:51:28 2016,1.0,1.0,1.0,1.0,1.0,1.0,1.0,1.0,1.0,1.0
Thu Feb 18 12:21:42 2016,1.0,1.0,1.0,1.0,1.0,1.0,1.0,1.0,1.0,1.0
Thu Feb 18 12:51:57 2016,1.0,1.0,1.0,1.0,1.0,1.0,1.0,1.0,1.0,1.0
Thu Feb 18 13:22:11 2016,1.0,1.0,1.0,1.0,1.0,1.0,1.0,1.0,1.0,1.0
Thu Feb 18 13:52:38 2016,1.0,1.0,1.0,1.0,1.0,1.0,1.0,1.0,1.0,1.0
Thu Feb 18 14:22:52 2016,1.0,1.0,1.0,1.0,1.0,1.0,1.0,1.0,0.0,1.0
Thu Feb 18 14:53:05 2016,1.0,1.0,1.0,1.0,1.0,1.0,1.0,1.0,0.0,1.0
Thu Feb 18 15:23:19 2016,1.0,1.0,1.0,1.0,1.0,1.0,1.0,1.0,0.0,1.0
Thu Feb 18 15:53:35 2016,1.0,1.0,1.0,1.0,1.0,1.0,1.0,1.0,0.0,1.0
Thu Feb 18 16:23:48 2016,1.0,1.0,1.0,1.0,1.0,1.0,1.0,1.0,0.0,1.0
Thu Feb 18 16:54:02 2016,1.0,1.0,1.0,1.0,1.0,1.0,1.0,1.0,0.0,1.0
Thu Feb 18 17:24:16 2016,1.0,1.0,1.0,1.0,1.0,1.0,1.0,1.0,0.0,1.0
Thu Feb 18 17:54:32 2016,1.0,1.0,1.0,1.0,1.0,1.0,1.0,1.0,0.0,1.0
Thu Feb 18 18:24:46 2016,1.0,1.0,1.0,1.0,1.0,1.0,1.0,1.0,0.0,1.0
Thu Feb 18 18:55:00 2016,1.0,1.0,1.0,1.0,1.0,1.0,1.0,1.0,0.0,1.0
Thu Feb 18 19:25:16 2016,1.0,1.0,1.0,1.0,1.0,1.0,1.0,1.0,0.0,1.0
Thu Feb 18 19:55:30 2016,1.0,1.0,1.0,1.0,1.0,1.0,1.0,1.0,0.0,1.0
Thu Feb 18 20:25:44 2016,1.0,1.0,1.0,1.0,1.0,1.0,1.0,1.0,0.0,1.0
Thu Feb 18 20:55:58 2016,1.0,1.0,1.0,1.0,1.0,1.0,1.0,1.0,0.0,1.0
Thu Feb 18 21:26:16 2016,1.0,1.0,1.0,1.0,1.0,1.0,1.0,1.0,0.0,1.0
Thu Feb 18 21:56:30 2016,1.0,1.0,1.0,1.0,1.0,1.0,1.0,1.0,0.0,1.0
Thu Feb 18 22:26:44 2016,1.0,1.0,1.0,1.0,1.0,1.0,1.0,1.0,0.0,1.0
Thu Feb 18 22:56:58 2016,1.0,1.0,1.0,1.0,1.0,1.0,1.0,1.0,0.0,1.0
Thu Feb 18 23:27:15 2016,1.0,1.0,1.0,1.0,1.0,1.0,1.0,1.0,0.0,1.0
Thu Feb 18 23:57:34 2016,1.0,1.0,1.0,1.0,1.0,1.0,1.0,1.0,0.0,1.0
Fri Feb 19 00:27:47 2016,1.0,1.0,1.0,1.0,1.0,1.0,1.0,1.0,0.0,1.0
Fri Feb 19 00:58:02 2016,1.0,1.0,1.0,1.0,1.0,1.0,1.0,1.0,0.0,1.0
Fri Feb 19 01:28:15 2016,1.0,1.0,1.0,1.0,1.0,1.0,1.0,1.0,0.0,1.0
Fri Feb 19 01:58:29 2016,1.0,1.0,1.0,1.0,1.0,1.0,1.0,1.0,0.0,1.0
Fri Feb 19 02:28:43 2016,1.0,1.0,1.0,1.0,1.0,1.0,1.0,1.0,0.0,1.0
Fri Feb 19 02:58:58 2016,1.0,1.0,1.0,1.0,1.0,1.0,1.0,1.0,0.0,1.0
Fri Feb 19 03:29:12 2016,1.0,1.0,1.0,1.0,1.0,1.0,1.0,1.0,0.0,1.0
Fri Feb 19 03:59:26 2016,1.0,1.0,1.0,1.0,1.0,1.0,1.0,1.0,0.0,1.0
Fri Feb 19 04:29:41 2016,1.0,1.0,1.0,1.0,1.0,1.0,1.0,1.0,0.0,1.0
Fri Feb 19 04:59:58 2016,1.0,1.0,1.0,1.0,1.0,1.0,1.0,1.0,0.0,1.0
Fri Feb 19 05:30:14 2016,1.0,1.0,1.0,1.0,1.0,1.0,1.0,1.0,0.0,1.0
Fri Feb 19 06:00:29 2016,1.0,1.0,1.0,1.0,1.0,1.0,1.0,1.0,0.0,1.0
Fri Feb 19 06:30:43 2016,1.0,1.0,1.0,1.0,1.0,1.0,1.0,1.0,0.0,1.0
Fri Feb 19 07:00:58 2016,1.0,1.0,1.0,1.0,1.0,1.0,1.0,1.0,0.0,1.0
Fri Feb 19 07:31:11 2016,1.0,1.0,1.0,1.0,1.0,1.0,1.0,1.0,0.0,1.0
Fri Feb 19 08:01:27 2016,1.0,1.0,1.0,1.0,1.0,1.0,1.0,1.0,0.0,1.0
Fri Feb 19 08:31:39 2016,1.0,1.0,1.0,1.0,1.0,1.0,1.0,1.0,0.0,1.0
Fri Feb 19 09:01:52 2016,1.0,1.0,1.0,1.0,1.0,1.0,1.0,1.0,0.0,1.0
Fri Feb 19 09:32:05 2016,1.0,1.0,1.0,1.0,1.0,1.0,1.0,1.0,0.0,1.0
Fri Feb 19 10:02:19 2016,1.0,1.0,1.0,1.0,1.0,1.0,1.0,1.0,0.0,1.0
Fri Feb 19 10:32:34 2016,1.0,1.0,1.0,1.0,1.0,1.0,1.0,1.0,0.0,1.0
Fri Feb 19 11:02:48 2016,1.0,1.0,1.0,1.0,1.0,1.0,1.0,1.0,0.0,1.0
Fri Feb 19 11:33:54 2016,1.0,1.0,1.0,1.0,1.0,1.0,1.0,1.0,0.0,1.0
Fri Feb 19 12:04:10 2016,1.0,1.0,1.0,1.0,1.0,1.0,1.0,1.0,0.0,1.0
Fri Feb 19 12:34:25 2016,1.0,1.0,1.0,1.0,1.0,1.0,1.0,1.0,0.0,1.0
Fri Feb 19 13:04:39 2016,1.0,1.0,1.0,1.0,1.0,1.0,1.0,1.0,0.0,1.0
Fri Feb 19 13:34:53 2016,1.0,1.0,1.0,1.0,1.0,1.0,1.0,1.0,0.0,1.0
Fri Feb 19 14:05:10 2016,1.0,1.0,1.0,1.0,1.0,1.0,1.0,1.0,0.0,1.0
Fri Feb 19 14:35:24 2016,1.0,1.0,1.0,1.0,1.0,1.0,1.0,1.0,0.0,1.0
Fri Feb 19 15:05:39 2016,1.0,1.0,1.0,1.0,1.0,1.0,1.0,1.0,0.0,1.0
Fri Feb 19 15:35:52 2016,1.0,1.0,1.0,1.0,1.0,1.0,1.0,1.0,0.0,1.0
Fri Feb 19 16:06:06 2016,1.0,1.0,1.0,1.0,1.0,1.0,1.0,1.0,0.0,1.0
Fri Feb 19 16:36:22 2016,1.0,1.0,1.0,1.0,1.0,1.0,1.0,1.0,0.0,1.0
Fri Feb 19 17:06:36 2016,1.0,1.0,1.0,1.0,1.0,1.0,1.0,1.0,0.0,1.0
Fri Feb 19 17:36:51 2016,1.0,1.0,1.0,1.0,1.0,1.0,1.0,1.0,0.0,1.0
Fri Feb 19 18:07:04 2016,1.0,1.0,1.0,1.0,1.0,1.0,1.0,1.0,0.0,1.0
Fri Feb 19 18:37:18 2016,1.0,1.0,1.0,1.0,1.0,1.0,1.0,1.0,0.0,1.0
Fri Feb 19 19:07:33 2016,1.0,1.0,1.0,1.0,1.0,1.0,1.0,1.0,0.0,1.0
Fri Feb 19 19:37:48 2016,1.0,1.0,1.0,1.0,1.0,1.0,1.0,1.0,0.0,1.0
Fri Feb 19 20:08:02 2016,1.0,1.0,1.0,1.0,1.0,1.0,1.0,1.0,0.0,1.0
Fri Feb 19 20:38:16 2016,1.0,1.0,1.0,1.0,1.0,1.0,1.0,1.0,0.0,1.0
Fri Feb 19 21:08:30 2016,1.0,1.0,1.0,1.0,1.0,1.0,1.0,1.0,0.0,1.0
Fri Feb 19 21:38:44 2016,1.0,1.0,1.0,1.0,1.0,1.0,1.0,1.0,0.0,1.0
Fri Feb 19 22:08:59 2016,1.0,1.0,1.0,1.0,1.0,1.0,1.0,1.0,0.0,1.0
Fri Feb 19 22:39:14 2016,1.0,1.0,1.0,1.0,1.0,1.0,1.0,1.0,0.0,1.0
Fri Feb 19 23:09:29 2016,1.0,1.0,1.0,1.0,1.0,1.0,1.0,1.0,0.0,1.0
Fri Feb 19 23:39:44 2016,1.0,1.0,1.0,1.0,1.0,1.0,1.0,1.0,0.0,1.0
Sat Feb 20 00:09:59 2016,1.0,1.0,1.0,1.0,1.0,1.0,1.0,1.0,0.0,1.0
Sat Feb 20 00:40:11 2016,1.0,1.0,1.0,1.0,1.0,1.0,1.0,1.0,0.0,1.0
Sat Feb 20 01:11:23 2016,1.0,1.0,1.0,1.0,1.0,1.0,1.0,1.0,0.0,1.0
Sat Feb 20 01:41:38 2016,1.0,1.0,1.0,1.0,1.0,1.0,1.0,1.0,0.0,1.0
Sat Feb 20 02:11:52 2016,1.0,1.0,1.0,1.0,1.0,1.0,1.0,1.0,0.0,1.0
Sat Feb 20 02:42:07 2016,1.0,1.0,1.0,1.0,1.0,1.0,1.0,1.0,0.0,1.0
Sat Feb 20 03:12:21 2016,1.0,1.0,1.0,1.0,1.0,1.0,1.0,1.0,0.0,1.0
Sat Feb 20 03:42:36 2016,1.0,1.0,1.0,1.0,1.0,1.0,1.0,1.0,0.0,1.0
Sat Feb 20 04:12:52 2016,1.0,1.0,1.0,1.0,1.0,1.0,1.0,1.0,0.0,1.0
Sat Feb 20 04:43:08 2016,1.0,1.0,1.0,1.0,1.0,1.0,1.0,1.0,0.0,1.0
Sat Feb 20 05:13:22 2016,1.0,1.0,1.0,1.0,1.0,1.0,1.0,1.0,0.0,1.0
Sat Feb 20 05:43:37 2016,1.0,1.0,1.0,1.0,1.0,1.0,1.0,1.0,0.0,1.0
Sat Feb 20 06:13:50 2016,1.0,1.0,1.0,1.0,1.0,1.0,1.0,1.0,0.0,1.0
Sat Feb 20 06:44:03 2016,1.0,1.0,1.0,1.0,1.0,1.0,1.0,1.0,0.0,1.0
Sat Feb 20 07:14:18 2016,1.0,1.0,1.0,1.0,1.0,1.0,1.0,1.0,0.0,1.0
Sat Feb 20 07:44:31 2016,1.0,1.0,1.0,1.0,1.0,1.0,1.0,1.0,0.0,1.0
Sat Feb 20 08:14:46 2016,1.0,1.0,1.0,1.0,1.0,1.0,1.0,1.0,0.0,1.0
Sat Feb 20 08:24:39 2016,1.0,1.0,1.0,1.0,1.0,1.0,1.0,1.0,0.0,1.0
Sat Feb 20 08:25:47 2016,1.0,1.0,1.0,1.0,1.0,1.0,1.0,1.0,0.0,1.0
Sat Feb 20 08:55:48 2016,1.0,1.0,1.0,1.0,1.0,1.0,1.0,1.0,0.0,1.0
Sat Feb 20 09:26:00 2016,1.0,1.0,1.0,1.0,1.0,1.0,1.0,1.0,0.0,1.0
Sat Feb 20 09:56:11 2016,1.0,1.0,1.0,1.0,1.0,1.0,1.0,1.0,0.0,1.0
Sat Feb 20 10:26:24 2016,1.0,1.0,1.0,1.0,1.0,1.0,1.0,1.0,0.0,1.0
Sat Feb 20 10:56:36 2016,1.0,1.0,1.0,1.0,1.0,1.0,1.0,1.0,0.0,1.0
Sat Feb 20 11:26:46 2016,1.0,1.0,1.0,1.0,1.0,1.0,1.0,1.0,0.0,1.0
Sat Feb 20 11:56:58 2016,1.0,1.0,1.0,1.0,1.0,1.0,1.0,1.0,0.0,1.0
Sat Feb 20 12:27:09 2016,1.0,1.0,1.0,1.0,1.0,1.0,1.0,1.0,0.0,1.0
Sat Feb 20 12:57:22 2016,1.0,1.0,1.0,1.0,1.0,1.0,1.0,1.0,0.0,1.0
Sat Feb 20 13:27:32 2016,1.0,1.0,1.0,1.0,1.0,1.0,1.0,1.0,0.0,1.0
Sat Feb 20 13:57:44 2016,1.0,1.0,1.0,1.0,1.0,1.0,1.0,1.0,0.0,1.0
Sat Feb 20 14:27:56 2016,1.0,1.0,1.0,1.0,1.0,1.0,1.0,1.0,0.0,1.0
Sat Feb 20 14:58:06 2016,1.0,1.0,1.0,1.0,1.0,1.0,1.0,1.0,0.0,1.0
Sat Feb 20 15:28:17 2016,1.0,1.0,1.0,1.0,1.0,1.0,1.0,1.0,0.0,1.0
Sat Feb 20 15:58:28 2016,1.0,1.0,1.0,1.0,1.0,1.0,1.0,1.0,0.0,1.0
Sat Feb 20 16:28:40 2016,1.0,1.0,1.0,1.0,1.0,1.0,1.0,1.0,0.0,1.0
Sat Feb 20 16:58:51 2016,1.0,1.0,1.0,1.0,1.0,1.0,1.0,1.0,0.0,1.0
Sat Feb 20 17:29:04 2016,1.0,1.0,1.0,1.0,1.0,1.0,1.0,1.0,0.0,1.0
Sat Feb 20 17:59:15 2016,1.0,1.0,1.0,1.0,1.0,1.0,1.0,1.0,0.0,1.0
Sat Feb 20 18:29:29 2016,1.0,1.0,1.0,1.0,1.0,1.0,1.0,1.0,0.0,1.0
Sat Feb 20 18:59:40 2016,1.0,1.0,1.0,1.0,1.0,1.0,1.0,1.0,0.0,1.0
Sat Feb 20 19:29:52 2016,1.0,1.0,1.0,1.0,1.0,1.0,1.0,1.0,0.0,1.0
Sat Feb 20 20:00:03 2016,1.0,1.0,1.0,1.0,1.0,1.0,1.0,1.0,0.0,1.0
Sat Feb 20 20:30:14 2016,1.0,1.0,1.0,1.0,1.0,1.0,1.0,1.0,0.0,1.0
Sat Feb 20 21:00:26 2016,1.0,1.0,1.0,1.0,1.0,1.0,1.0,1.0,0.0,1.0
Sat Feb 20 21:30:37 2016,1.0,1.0,1.0,1.0,1.0,1.0,1.0,1.0,0.0,1.0
Sat Feb 20 22:00:49 2016,1.0,1.0,1.0,1.0,1.0,1.0,1.0,1.0,0.0,1.0
Sat Feb 20 22:30:59 2016,1.0,1.0,1.0,1.0,1.0,1.0,1.0,1.0,0.0,1.0
Sat Feb 20 23:01:11 2016,1.0,1.0,1.0,1.0,1.0,1.0,1.0,1.0,0.0,1.0
Sat Feb 20 23:31:21 2016,1.0,1.0,1.0,1.0,1.0,1.0,1.0,1.0,0.0,1.0
Sun Feb 21 00:01:32 2016,1.0,1.0,1.0,1.0,1.0,1.0,1.0,1.0,0.0,1.0
Sun Feb 21 00:31:44 2016,1.0,1.0,1.0,1.0,1.0,1.0,1.0,1.0,0.0,1.0
Sun Feb 21 01:01:55 2016,1.0,1.0,1.0,1.0,1.0,1.0,1.0,1.0,0.0,1.0
Sun Feb 21 01:32:07 2016,1.0,1.0,1.0,1.0,1.0,1.0,1.0,1.0,0.0,1.0
Sun Feb 21 02:02:18 2016,1.0,1.0,1.0,1.0,1.0,1.0,1.0,1.0,0.0,1.0
Sun Feb 21 02:32:52 2016,1.0,1.0,1.0,1.0,1.0,1.0,1.0,1.0,0.0,1.0
Sun Feb 21 03:03:03 2016,1.0,1.0,1.0,1.0,1.0,1.0,1.0,1.0,0.0,1.0
Sun Feb 21 03:33:15 2016,1.0,1.0,1.0,1.0,1.0,1.0,1.0,1.0,0.0,1.0
Sun Feb 21 04:03:27 2016,1.0,1.0,1.0,1.0,1.0,1.0,1.0,1.0,0.0,1.0
Sun Feb 21 04:33:39 2016,1.0,1.0,1.0,1.0,1.0,1.0,1.0,1.0,0.0,1.0
Sun Feb 21 05:03:50 2016,1.0,1.0,1.0,1.0,1.0,1.0,1.0,1.0,0.0,1.0
Sun Feb 21 05:34:02 2016,1.0,1.0,1.0,1.0,1.0,1.0,1.0,1.0,0.0,1.0
Sun Feb 21 06:04:13 2016,1.0,1.0,1.0,1.0,1.0,1.0,1.0,1.0,0.0,1.0
Sun Feb 21 06:34:24 2016,1.0,1.0,1.0,1.0,1.0,1.0,1.0,1.0,0.0,1.0
Sun Feb 21 07:04:36 2016,1.0,1.0,1.0,1.0,1.0,1.0,1.0,1.0,0.0,1.0
Sun Feb 21 07:34:46 2016,1.0,1.0,1.0,1.0,1.0,1.0,1.0,1.0,0.0,1.0
Sun Feb 21 08:04:57 2016,1.0,1.0,1.0,1.0,1.0,1.0,1.0,1.0,0.0,1.0
Sun Feb 21 08:35:08 2016,1.0,1.0,1.0,1.0,1.0,1.0,1.0,1.0,0.0,1.0
Sun Feb 21 09:05:20 2016,1.0,1.0,1.0,1.0,1.0,1.0,1.0,1.0,0.0,1.0
Sun Feb 21 09:35:31 2016,1.0,1.0,1.0,1.0,1.0,1.0,1.0,1.0,0.0,1.0
Sun Feb 21 10:05:43 2016,1.0,1.0,1.0,1.0,1.0,1.0,1.0,1.0,0.0,1.0
Sun Feb 21 10:35:53 2016,1.0,1.0,1.0,1.0,1.0,1.0,1.0,1.0,0.0,1.0
Sun Feb 21 11:06:03 2016,1.0,1.0,1.0,1.0,1.0,1.0,1.0,1.0,0.0,1.0
Sun Feb 21 11:36:15 2016,1.0,1.0,1.0,1.0,1.0,1.0,1.0,1.0,0.0,1.0
Sun Feb 21 12:06:26 2016,1.0,1.0,1.0,1.0,1.0,1.0,1.0,1.0,0.0,1.0
Sun Feb 21 12:36:38 2016,1.0,1.0,1.0,1.0,1.0,1.0,1.0,1.0,0.0,1.0
Sun Feb 21 13:06:49 2016,1.0,1.0,1.0,1.0,1.0,1.0,1.0,1.0,0.0,1.0
Sun Feb 21 13:37:01 2016,1.0,1.0,1.0,1.0,1.0,1.0,1.0,1.0,0.0,1.0
Sun Feb 21 14:07:11 2016,1.0,1.0,1.0,1.0,1.0,1.0,1.0,1.0,0.0,1.0
Sun Feb 21 14:37:25 2016,1.0,1.0,1.0,1.0,1.0,1.0,1.0,1.0,0.0,1.0
Sun Feb 21 15:07:35 2016,1.0,1.0,1.0,1.0,1.0,1.0,1.0,1.0,0.0,1.0
Sun Feb 21 15:37:47 2016,1.0,1.0,1.0,1.0,1.0,1.0,1.0,1.0,0.0,1.0
Sun Feb 21 16:07:58 2016,1.0,1.0,1.0,1.0,1.0,1.0,1.0,1.0,0.0,1.0
Sun Feb 21 16:38:09 2016,1.0,1.0,1.0,1.0,1.0,1.0,1.0,1.0,0.0,1.0
Sun Feb 21 17:08:20 2016,1.0,1.0,1.0,1.0,1.0,1.0,1.0,1.0,0.0,1.0
Sun Feb 21 17:38:31 2016,1.0,1.0,1.0,1.0,1.0,1.0,1.0,1.0,0.0,1.0
Sun Feb 21 18:08:43 2016,1.0,1.0,1.0,1.0,1.0,1.0,1.0,1.0,0.0,1.0
Sun Feb 21 18:38:55 2016,1.0,1.0,1.0,1.0,1.0,1.0,1.0,1.0,0.0,1.0
Sun Feb 21 19:09:07 2016,1.0,1.0,1.0,1.0,1.0,1.0,1.0,1.0,0.0,1.0
Sun Feb 21 19:39:17 2016,1.0,1.0,1.0,1.0,1.0,1.0,1.0,1.0,0.0,1.0
Sun Feb 21 20:09:29 2016,1.0,1.0,1.0,1.0,1.0,1.0,1.0,1.0,0.0,1.0
Sun Feb 21 20:39:40 2016,1.0,1.0,1.0,1.0,1.0,1.0,1.0,1.0,0.0,1.0
Sun Feb 21 21:09:53 2016,1.0,1.0,1.0,1.0,1.0,1.0,1.0,1.0,0.0,1.0
Sun Feb 21 21:40:05 2016,1.0,1.0,1.0,1.0,1.0,1.0,1.0,1.0,0.0,1.0
Sun Feb 21 22:10:15 2016,1.0,1.0,1.0,1.0,1.0,1.0,1.0,1.0,0.0,1.0
Sun Feb 21 22:40:26 2016,1.0,1.0,1.0,1.0,1.0,1.0,1.0,1.0,0.0,1.0
Sun Feb 21 23:10:36 2016,1.0,1.0,1.0,1.0,1.0,1.0,1.0,1.0,0.0,1.0
Sun Feb 21 23:40:48 2016,1.0,1.0,1.0,1.0,1.0,1.0,1.0,1.0,0.0,1.0
Mon Feb 22 00:11:00 2016,1.0,1.0,1.0,1.0,1.0,1.0,1.0,1.0,0.0,1.0
Mon Feb 22 00:41:12 2016,1.0,1.0,1.0,1.0,1.0,1.0,1.0,1.0,0.0,1.0
Mon Feb 22 01:11:22 2016,1.0,1.0,1.0,1.0,1.0,1.0,1.0,1.0,0.0,1.0
Mon Feb 22 01:41:35 2016,1.0,1.0,1.0,1.0,1.0,1.0,1.0,1.0,0.0,1.0
Mon Feb 22 02:11:45 2016,1.0,1.0,1.0,1.0,1.0,1.0,1.0,1.0,0.0,1.0
Mon Feb 22 02:41:58 2016,1.0,1.0,1.0,1.0,1.0,1.0,1.0,1.0,0.0,1.0
Mon Feb 22 03:12:08 2016,1.0,1.0,1.0,1.0,1.0,1.0,1.0,1.0,0.0,1.0
Mon Feb 22 03:42:18 2016,1.0,1.0,1.0,1.0,1.0,1.0,1.0,1.0,0.0,1.0
Mon Feb 22 04:12:31 2016,1.0,1.0,1.0,1.0,1.0,1.0,1.0,1.0,0.0,1.0
Mon Feb 22 04:42:42 2016,1.0,1.0,1.0,1.0,1.0,1.0,1.0,1.0,0.0,1.0
Mon Feb 22 05:12:54 2016,1.0,1.0,1.0,1.0,1.0,1.0,1.0,1.0,0.0,1.0
Mon Feb 22 05:43:04 2016,1.0,1.0,1.0,1.0,1.0,1.0,1.0,1.0,0.0,1.0
Mon Feb 22 06:13:16 2016,1.0,1.0,1.0,1.0,1.0,1.0,1.0,1.0,0.0,1.0
Mon Feb 22 06:43:28 2016,1.0,1.0,1.0,1.0,1.0,1.0,1.0,1.0,0.0,1.0
Mon Feb 22 07:13:39 2016,1.0,1.0,1.0,1.0,1.0,1.0,1.0,1.0,0.0,1.0
Mon Feb 22 07:43:50 2016,1.0,1.0,1.0,1.0,1.0,1.0,1.0,1.0,0.0,1.0
Mon Feb 22 08:14:02 2016,1.0,1.0,1.0,1.0,1.0,1.0,1.0,1.0,0.0,1.0
Mon Feb 22 08:44:13 2016,1.0,1.0,1.0,1.0,1.0,1.0,1.0,1.0,0.0,1.0
Mon Feb 22 09:14:24 2016,1.0,1.0,1.0,1.0,1.0,1.0,1.0,1.0,0.0,1.0
Mon Feb 22 09:44:36 2016,1.0,1.0,1.0,1.0,1.0,1.0,1.0,1.0,0.0,1.0
Mon Feb 22 10:14:47 2016,1.0,1.0,1.0,1.0,1.0,1.0,1.0,1.0,0.0,1.0
Mon Feb 22 10:44:59 2016,1.0,1.0,1.0,1.0,1.0,1.0,1.0,1.0,0.0,1.0
Mon Feb 22 11:15:09 2016,1.0,1.0,1.0,1.0,1.0,1.0,1.0,1.0,0.0,1.0
Mon Feb 22 11:45:19 2016,1.0,1.0,1.0,1.0,1.0,1.0,1.0,1.0,0.0,1.0
Mon Feb 22 12:15:31 2016,1.0,1.0,1.0,1.0,1.0,1.0,1.0,1.0,0.0,1.0
Mon Feb 22 12:45:41 2016,1.0,1.0,1.0,1.0,1.0,1.0,1.0,1.0,0.0,1.0
Mon Feb 22 13:15:53 2016,1.0,1.0,1.0,1.0,1.0,1.0,1.0,1.0,0.0,1.0
Mon Feb 22 13:46:04 2016,1.0,1.0,1.0,1.0,1.0,1.0,1.0,1.0,0.0,1.0
Mon Feb 22 14:16:15 2016,1.0,1.0,1.0,1.0,1.0,1.0,1.0,1.0,0.0,1.0
Mon Feb 22 14:46:26 2016,1.0,1.0,1.0,1.0,1.0,1.0,1.0,1.0,0.0,1.0
Mon Feb 22 15:16:35 2016,1.0,1.0,1.0,1.0,1.0,1.0,1.0,1.0,0.0,1.0
Mon Feb 22 15:46:46 2016,1.0,1.0,1.0,1.0,1.0,1.0,1.0,1.0,0.0,1.0
Mon Feb 22 16:16:58 2016,1.0,1.0,1.0,1.0,1.0,1.0,1.0,1.0,0.0,1.0
Mon Feb 22 16:47:10 2016,1.0,1.0,1.0,1.0,1.0,1.0,1.0,1.0,0.0,1.0
Mon Feb 22 17:17:22 2016,1.0,1.0,1.0,1.0,1.0,1.0,1.0,1.0,1.0,1.0
Mon Feb 22 17:47:33 2016,1.0,1.0,1.0,1.0,1.0,1.0,1.0,1.0,1.0,1.0
Mon Feb 22 18:17:44 2016,1.0,1.0,1.0,1.0,1.0,1.0,1.0,1.0,1.0,1.0
Mon Feb 22 18:47:55 2016,1.0,1.0,1.0,1.0,1.0,1.0,1.0,1.0,1.0,1.0
Mon Feb 22 19:18:06 2016,1.0,1.0,1.0,1.0,1.0,1.0,1.0,1.0,1.0,1.0
Mon Feb 22 19:48:18 2016,1.0,1.0,1.0,1.0,1.0,1.0,1.0,1.0,1.0,1.0
Mon Feb 22 20:18:29 2016,1.0,1.0,1.0,1.0,1.0,1.0,1.0,1.0,1.0,1.0
Mon Feb 22 20:48:40 2016,1.0,1.0,1.0,1.0,1.0,1.0,1.0,1.0,1.0,1.0
Mon Feb 22 21:18:51 2016,1.0,1.0,1.0,1.0,1.0,1.0,1.0,1.0,1.0,1.0
Mon Feb 22 21:49:02 2016,1.0,1.0,1.0,1.0,1.0,1.0,1.0,1.0,1.0,1.0
Mon Feb 22 22:19:14 2016,1.0,1.0,1.0,1.0,1.0,1.0,1.0,1.0,1.0,1.0
Mon Feb 22 22:49:25 2016,1.0,1.0,1.0,1.0,1.0,1.0,1.0,1.0,1.0,1.0
Mon Feb 22 23:19:35 2016,1.0,1.0,1.0,1.0,1.0,1.0,1.0,1.0,1.0,1.0
Mon Feb 22 23:49:47 2016,1.0,1.0,1.0,1.0,1.0,1.0,1.0,1.0,1.0,1.0
Tue Feb 23 00:19:58 2016,1.0,1.0,1.0,1.0,1.0,1.0,1.0,1.0,1.0,1.0
Tue Feb 23 00:50:10 2016,1.0,1.0,1.0,1.0,1.0,1.0,1.0,1.0,1.0,1.0
Tue Feb 23 01:20:21 2016,1.0,1.0,1.0,1.0,1.0,1.0,1.0,1.0,1.0,1.0
Tue Feb 23 01:50:33 2016,1.0,1.0,1.0,1.0,1.0,1.0,1.0,1.0,1.0,1.0
Tue Feb 23 02:20:44 2016,1.0,1.0,1.0,1.0,1.0,1.0,1.0,1.0,1.0,1.0
Tue Feb 23 02:50:55 2016,1.0,1.0,1.0,1.0,1.0,1.0,1.0,1.0,1.0,1.0
Tue Feb 23 03:21:08 2016,1.0,1.0,1.0,1.0,1.0,1.0,1.0,1.0,1.0,1.0
Tue Feb 23 03:51:18 2016,1.0,1.0,1.0,1.0,1.0,1.0,1.0,1.0,1.0,1.0
Tue Feb 23 04:21:31 2016,1.0,1.0,1.0,1.0,1.0,1.0,1.0,1.0,1.0,1.0
Tue Feb 23 04:51:42 2016,1.0,1.0,1.0,1.0,1.0,1.0,1.0,1.0,1.0,1.0
Tue Feb 23 05:21:54 2016,1.0,1.0,1.0,1.0,1.0,1.0,1.0,1.0,1.0,1.0
Tue Feb 23 05:52:06 2016,1.0,1.0,1.0,1.0,1.0,1.0,1.0,1.0,1.0,1.0
Tue Feb 23 06:22:17 2016,1.0,1.0,1.0,1.0,1.0,1.0,1.0,1.0,1.0,1.0
Tue Feb 23 06:52:29 2016,1.0,1.0,1.0,1.0,1.0,1.0,1.0,1.0,1.0,1.0
Tue Feb 23 07:22:40 2016,1.0,1.0,1.0,1.0,1.0,1.0,1.0,1.0,1.0,1.0
Tue Feb 23 07:52:52 2016,1.0,1.0,1.0,1.0,1.0,1.0,1.0,1.0,1.0,1.0
Tue Feb 23 08:23:02 2016,1.0,1.0,1.0,1.0,1.0,1.0,1.0,1.0,1.0,1.0
Tue Feb 23 08:53:14 2016,1.0,1.0,1.0,1.0,1.0,1.0,1.0,1.0,1.0,1.0
Tue Feb 23 09:23:25 2016,1.0,1.0,1.0,1.0,1.0,1.0,1.0,1.0,1.0,1.0
Tue Feb 23 09:53:37 2016,1.0,1.0,1.0,1.0,1.0,1.0,1.0,1.0,1.0,1.0
Tue Feb 23 10:23:48 2016,1.0,1.0,1.0,1.0,1.0,1.0,1.0,1.0,1.0,1.0
Tue Feb 23 10:53:59 2016,1.0,1.0,1.0,1.0,1.0,1.0,1.0,1.0,1.0,1.0
Tue Feb 23 11:24:11 2016,1.0,1.0,1.0,1.0,1.0,1.0,1.0,1.0,1.0,1.0
Tue Feb 23 11:54:22 2016,1.0,1.0,1.0,1.0,1.0,1.0,1.0,1.0,1.0,1.0
Tue Feb 23 12:24:35 2016,1.0,1.0,1.0,1.0,1.0,1.0,1.0,1.0,1.0,1.0
Tue Feb 23 12:54:45 2016,1.0,1.0,1.0,1.0,1.0,1.0,1.0,1.0,1.0,1.0
Tue Feb 23 13:24:55 2016,1.0,1.0,1.0,1.0,1.0,1.0,1.0,0.0,1.0,1.0
Tue Feb 23 13:55:05 2016,1.0,1.0,1.0,1.0,1.0,1.0,1.0,0.0,1.0,1.0
Tue Feb 23 14:25:13 2016,1.0,1.0,1.0,1.0,1.0,1.0,1.0,0.0,1.0,1.0
Tue Feb 23 14:55:22 2016,1.0,1.0,1.0,1.0,1.0,1.0,1.0,0.0,1.0,1.0
Tue Feb 23 15:25:31 2016,1.0,1.0,1.0,1.0,1.0,1.0,1.0,0.0,1.0,1.0
Tue Feb 23 15:55:41 2016,1.0,1.0,1.0,1.0,1.0,1.0,1.0,0.0,1.0,1.0
Tue Feb 23 16:25:53 2016,1.0,1.0,1.0,1.0,1.0,1.0,1.0,0.0,1.0,1.0
Tue Feb 23 16:56:03 2016,1.0,1.0,1.0,1.0,1.0,1.0,1.0,0.0,1.0,1.0
Tue Feb 23 17:26:13 2016,1.0,1.0,1.0,1.0,1.0,1.0,1.0,0.0,1.0,1.0
Tue Feb 23 17:56:22 2016,1.0,1.0,1.0,1.0,1.0,1.0,1.0,1.0,1.0,1.0
Tue Feb 23 18:26:34 2016,1.0,1.0,1.0,1.0,1.0,1.0,1.0,1.0,1.0,1.0
Tue Feb 23 18:56:46 2016,1.0,1.0,1.0,1.0,1.0,1.0,1.0,1.0,1.0,1.0
Tue Feb 23 19:26:57 2016,1.0,1.0,1.0,1.0,1.0,1.0,1.0,1.0,1.0,1.0
Tue Feb 23 19:57:09 2016,1.0,1.0,1.0,1.0,1.0,1.0,1.0,1.0,1.0,1.0
Tue Feb 23 20:27:21 2016,1.0,1.0,1.0,1.0,1.0,1.0,1.0,1.0,1.0,1.0
Tue Feb 23 20:57:33 2016,1.0,1.0,1.0,1.0,1.0,1.0,1.0,1.0,1.0,1.0
Tue Feb 23 21:27:45 2016,1.0,1.0,1.0,1.0,1.0,1.0,1.0,1.0,1.0,1.0
Tue Feb 23 21:57:57 2016,1.0,1.0,1.0,1.0,1.0,1.0,1.0,1.0,1.0,1.0
Tue Feb 23 22:28:09 2016,1.0,1.0,1.0,1.0,1.0,1.0,1.0,1.0,1.0,1.0
Tue Feb 23 22:58:20 2016,1.0,1.0,1.0,1.0,1.0,1.0,1.0,1.0,1.0,1.0
Tue Feb 23 23:28:32 2016,1.0,1.0,1.0,1.0,1.0,1.0,1.0,1.0,1.0,1.0
Tue Feb 23 23:58:42 2016,1.0,1.0,1.0,1.0,1.0,1.0,1.0,1.0,1.0,1.0
Wed Feb 24 00:28:55 2016,1.0,1.0,1.0,1.0,1.0,1.0,1.0,1.0,1.0,1.0
Wed Feb 24 00:59:09 2016,1.0,1.0,1.0,1.0,1.0,1.0,1.0,1.0,1.0,1.0
Wed Feb 24 01:29:20 2016,1.0,1.0,1.0,1.0,1.0,1.0,1.0,1.0,1.0,1.0
Wed Feb 24 01:59:31 2016,1.0,1.0,1.0,1.0,1.0,1.0,1.0,1.0,1.0,1.0
Wed Feb 24 02:29:44 2016,1.0,1.0,1.0,1.0,1.0,1.0,1.0,1.0,1.0,1.0
Wed Feb 24 02:59:56 2016,1.0,1.0,1.0,1.0,1.0,1.0,1.0,1.0,1.0,1.0
Wed Feb 24 03:30:07 2016,1.0,1.0,1.0,1.0,1.0,1.0,1.0,1.0,1.0,1.0
Wed Feb 24 04:00:18 2016,1.0,1.0,1.0,1.0,1.0,1.0,1.0,1.0,0.0,1.0
Wed Feb 24 04:31:44 2016,1.0,1.0,1.0,1.0,1.0,1.0,1.0,1.0,1.0,1.0
Wed Feb 24 05:01:56 2016,1.0,1.0,1.0,1.0,1.0,1.0,1.0,1.0,1.0,1.0
Wed Feb 24 05:32:07 2016,1.0,1.0,1.0,1.0,1.0,1.0,1.0,1.0,1.0,1.0
Wed Feb 24 06:02:19 2016,1.0,1.0,1.0,1.0,1.0,1.0,1.0,1.0,1.0,1.0
Wed Feb 24 06:32:31 2016,1.0,1.0,1.0,1.0,1.0,1.0,1.0,1.0,1.0,1.0
Wed Feb 24 07:02:43 2016,1.0,1.0,1.0,1.0,1.0,1.0,1.0,1.0,1.0,1.0
Wed Feb 24 07:32:55 2016,1.0,1.0,1.0,1.0,1.0,1.0,1.0,1.0,1.0,1.0
Wed Feb 24 08:03:07 2016,1.0,1.0,1.0,1.0,1.0,1.0,1.0,1.0,1.0,1.0
Wed Feb 24 08:33:25 2016,1.0,1.0,1.0,1.0,1.0,1.0,1.0,1.0,1.0,1.0
Wed Feb 24 09:03:36 2016,1.0,1.0,1.0,1.0,1.0,1.0,1.0,1.0,1.0,1.0
Wed Feb 24 09:33:48 2016,1.0,1.0,1.0,1.0,1.0,1.0,1.0,1.0,1.0,1.0
Wed Feb 24 10:03:59 2016,1.0,1.0,1.0,1.0,1.0,1.0,1.0,1.0,1.0,1.0
Wed Feb 24 10:34:10 2016,1.0,1.0,1.0,1.0,1.0,1.0,1.0,1.0,1.0,1.0
Wed Feb 24 11:04:22 2016,1.0,1.0,1.0,1.0,1.0,1.0,1.0,1.0,1.0,1.0
Wed Feb 24 11:34:33 2016,1.0,1.0,1.0,1.0,1.0,1.0,1.0,1.0,1.0,1.0
Wed Feb 24 12:04:45 2016,1.0,1.0,1.0,1.0,1.0,1.0,1.0,1.0,1.0,1.0
Wed Feb 24 12:34:56 2016,1.0,1.0,1.0,1.0,1.0,1.0,1.0,1.0,1.0,1.0
Wed Feb 24 13:05:08 2016,1.0,1.0,1.0,1.0,1.0,1.0,1.0,1.0,1.0,1.0
Wed Feb 24 13:35:18 2016,1.0,1.0,1.0,1.0,1.0,1.0,1.0,1.0,1.0,1.0
Wed Feb 24 14:05:29 2016,1.0,1.0,1.0,1.0,1.0,1.0,1.0,1.0,1.0,1.0
Wed Feb 24 14:35:41 2016,1.0,1.0,1.0,1.0,1.0,1.0,1.0,1.0,1.0,1.0
Wed Feb 24 15:05:53 2016,1.0,1.0,1.0,1.0,1.0,1.0,1.0,1.0,1.0,1.0
Wed Feb 24 15:36:04 2016,1.0,1.0,1.0,1.0,1.0,1.0,1.0,1.0,1.0,1.0
Wed Feb 24 16:06:17 2016,1.0,1.0,1.0,1.0,1.0,1.0,1.0,1.0,1.0,1.0
Wed Feb 24 16:36:29 2016,1.0,1.0,1.0,1.0,1.0,1.0,1.0,1.0,1.0,1.0
Wed Feb 24 17:06:43 2016,1.0,1.0,1.0,1.0,1.0,1.0,1.0,1.0,1.0,1.0
Wed Feb 24 17:36:54 2016,1.0,1.0,1.0,1.0,1.0,1.0,1.0,1.0,1.0,1.0
Wed Feb 24 18:07:06 2016,1.0,1.0,1.0,1.0,1.0,1.0,1.0,1.0,1.0,1.0
Wed Feb 24 18:37:18 2016,1.0,1.0,1.0,1.0,1.0,1.0,1.0,1.0,1.0,1.0
Wed Feb 24 19:07:29 2016,1.0,1.0,1.0,1.0,1.0,1.0,1.0,1.0,1.0,1.0
Wed Feb 24 19:37:41 2016,1.0,1.0,1.0,1.0,1.0,1.0,1.0,1.0,1.0,1.0
Wed Feb 24 20:07:52 2016,1.0,1.0,1.0,1.0,1.0,1.0,1.0,1.0,1.0,1.0
Wed Feb 24 20:38:04 2016,1.0,1.0,1.0,1.0,1.0,1.0,1.0,1.0,1.0,1.0
Wed Feb 24 21:08:16 2016,1.0,1.0,1.0,1.0,1.0,1.0,1.0,1.0,1.0,1.0
Wed Feb 24 21:38:27 2016,1.0,1.0,1.0,1.0,1.0,1.0,1.0,1.0,1.0,1.0
Wed Feb 24 22:08:39 2016,1.0,1.0,1.0,1.0,1.0,1.0,1.0,1.0,1.0,1.0
Wed Feb 24 22:38:50 2016,1.0,1.0,1.0,1.0,1.0,1.0,1.0,1.0,1.0,1.0
Wed Feb 24 23:09:02 2016,1.0,1.0,1.0,1.0,1.0,1.0,1.0,1.0,1.0,1.0
Wed Feb 24 23:39:13 2016,1.0,1.0,1.0,1.0,1.0,1.0,1.0,1.0,1.0,1.0
Thu Feb 25 00:09:26 2016,1.0,1.0,1.0,1.0,1.0,1.0,1.0,1.0,1.0,1.0
Thu Feb 25 00:39:38 2016,1.0,1.0,1.0,1.0,1.0,1.0,1.0,1.0,1.0,1.0
Thu Feb 25 01:09:50 2016,1.0,1.0,1.0,1.0,1.0,1.0,1.0,1.0,1.0,1.0
Thu Feb 25 01:40:02 2016,1.0,1.0,1.0,1.0,1.0,1.0,1.0,1.0,1.0,1.0
Thu Feb 25 02:10:12 2016,1.0,1.0,1.0,1.0,1.0,1.0,1.0,1.0,1.0,1.0
Thu Feb 25 02:40:24 2016,1.0,1.0,1.0,1.0,1.0,1.0,1.0,1.0,1.0,1.0
Thu Feb 25 03:10:35 2016,1.0,1.0,1.0,1.0,1.0,1.0,1.0,1.0,1.0,1.0
Thu Feb 25 03:40:47 2016,1.0,1.0,1.0,1.0,1.0,1.0,1.0,1.0,1.0,1.0
Thu Feb 25 04:10:57 2016,1.0,1.0,1.0,1.0,1.0,1.0,1.0,1.0,1.0,1.0
Thu Feb 25 04:41:10 2016,1.0,1.0,1.0,1.0,1.0,1.0,1.0,1.0,1.0,1.0
Thu Feb 25 05:11:22 2016,1.0,1.0,1.0,1.0,1.0,1.0,1.0,1.0,1.0,1.0
Thu Feb 25 05:41:34 2016,1.0,1.0,1.0,1.0,1.0,1.0,1.0,1.0,1.0,1.0
Thu Feb 25 06:11:45 2016,1.0,1.0,1.0,1.0,1.0,1.0,1.0,1.0,1.0,1.0
Thu Feb 25 06:41:56 2016,1.0,1.0,1.0,1.0,1.0,1.0,1.0,1.0,1.0,1.0
Thu Feb 25 07:12:08 2016,1.0,1.0,1.0,1.0,1.0,1.0,1.0,1.0,1.0,1.0
Thu Feb 25 07:42:19 2016,1.0,1.0,1.0,1.0,1.0,1.0,1.0,1.0,1.0,1.0
Thu Feb 25 08:12:32 2016,1.0,1.0,1.0,1.0,1.0,1.0,1.0,1.0,1.0,1.0
Thu Feb 25 08:42:44 2016,1.0,1.0,1.0,1.0,1.0,1.0,1.0,1.0,1.0,1.0
Thu Feb 25 09:12:56 2016,1.0,1.0,1.0,1.0,1.0,1.0,1.0,1.0,1.0,1.0
Thu Feb 25 09:43:07 2016,1.0,1.0,1.0,1.0,1.0,1.0,1.0,1.0,1.0,1.0
Thu Feb 25 10:13:18 2016,1.0,1.0,1.0,1.0,1.0,1.0,1.0,1.0,1.0,1.0
Thu Feb 25 10:43:28 2016,1.0,1.0,1.0,1.0,1.0,1.0,1.0,1.0,1.0,1.0
Thu Feb 25 11:13:41 2016,1.0,1.0,1.0,1.0,1.0,1.0,1.0,1.0,1.0,1.0
Thu Feb 25 11:43:54 2016,1.0,1.0,1.0,1.0,1.0,1.0,1.0,1.0,1.0,1.0
Thu Feb 25 12:14:07 2016,1.0,1.0,1.0,1.0,1.0,1.0,1.0,1.0,1.0,1.0
Thu Feb 25 12:44:19 2016,1.0,1.0,1.0,1.0,1.0,1.0,1.0,1.0,1.0,1.0
Thu Feb 25 13:14:31 2016,1.0,1.0,1.0,1.0,1.0,1.0,1.0,1.0,1.0,1.0
Thu Feb 25 13:44:43 2016,1.0,1.0,1.0,1.0,1.0,1.0,1.0,1.0,1.0,1.0
Thu Feb 25 14:14:58 2016,1.0,1.0,1.0,1.0,1.0,1.0,1.0,1.0,1.0,1.0
Thu Feb 25 14:45:10 2016,1.0,1.0,1.0,1.0,1.0,1.0,1.0,1.0,1.0,1.0
Thu Feb 25 15:15:20 2016,1.0,1.0,1.0,1.0,1.0,1.0,1.0,1.0,1.0,1.0
Thu Feb 25 15:45:31 2016,1.0,1.0,1.0,1.0,1.0,1.0,1.0,1.0,1.0,1.0
Thu Feb 25 16:15:44 2016,1.0,1.0,1.0,1.0,1.0,1.0,1.0,1.0,1.0,1.0
Thu Feb 25 16:45:56 2016,1.0,1.0,1.0,1.0,1.0,1.0,1.0,1.0,1.0,1.0
Thu Feb 25 17:16:06 2016,1.0,1.0,1.0,1.0,1.0,1.0,1.0,1.0,1.0,1.0
Thu Feb 25 17:46:17 2016,1.0,1.0,1.0,1.0,1.0,1.0,1.0,1.0,1.0,1.0
Thu Feb 25 18:16:29 2016,1.0,1.0,1.0,1.0,1.0,1.0,1.0,1.0,1.0,1.0
Thu Feb 25 18:46:40 2016,1.0,1.0,1.0,1.0,1.0,1.0,1.0,1.0,1.0,1.0
Thu Feb 25 19:16:51 2016,1.0,1.0,1.0,1.0,1.0,1.0,1.0,1.0,1.0,1.0
Thu Feb 25 19:47:03 2016,1.0,1.0,1.0,1.0,1.0,1.0,1.0,1.0,1.0,1.0
Thu Feb 25 20:17:15 2016,1.0,1.0,1.0,1.0,1.0,1.0,1.0,1.0,1.0,1.0
Thu Feb 25 20:47:27 2016,1.0,1.0,1.0,1.0,1.0,1.0,1.0,1.0,1.0,1.0
Thu Feb 25 21:17:38 2016,1.0,1.0,1.0,1.0,1.0,1.0,1.0,1.0,1.0,1.0
Thu Feb 25 21:47:50 2016,1.0,1.0,1.0,1.0,1.0,1.0,1.0,1.0,1.0,1.0
Thu Feb 25 22:18:00 2016,1.0,1.0,1.0,1.0,1.0,1.0,1.0,1.0,1.0,1.0
Thu Feb 25 22:48:12 2016,1.0,1.0,1.0,1.0,1.0,1.0,1.0,1.0,1.0,1.0
Thu Feb 25 23:18:24 2016,1.0,1.0,1.0,1.0,1.0,1.0,1.0,1.0,1.0,1.0
Thu Feb 25 23:48:35 2016,1.0,1.0,1.0,1.0,1.0,1.0,1.0,1.0,1.0,1.0
Fri Feb 26 00:18:47 2016,1.0,1.0,1.0,1.0,1.0,1.0,1.0,1.0,1.0,1.0
Fri Feb 26 00:48:58 2016,1.0,1.0,1.0,1.0,1.0,1.0,1.0,1.0,1.0,1.0
Fri Feb 26 01:19:11 2016,1.0,1.0,1.0,1.0,1.0,1.0,1.0,1.0,1.0,1.0
Fri Feb 26 01:49:23 2016,1.0,1.0,1.0,1.0,1.0,1.0,1.0,1.0,1.0,1.0
Fri Feb 26 02:19:35 2016,1.0,1.0,1.0,1.0,1.0,1.0,1.0,1.0,1.0,1.0
Fri Feb 26 02:49:48 2016,1.0,1.0,1.0,1.0,1.0,1.0,1.0,1.0,1.0,1.0
Fri Feb 26 03:20:00 2016,1.0,1.0,1.0,1.0,1.0,1.0,1.0,1.0,1.0,1.0
Fri Feb 26 03:50:11 2016,1.0,1.0,1.0,1.0,1.0,1.0,1.0,1.0,1.0,1.0
Fri Feb 26 04:20:22 2016,1.0,1.0,1.0,1.0,1.0,1.0,1.0,1.0,1.0,1.0
Fri Feb 26 04:50:34 2016,1.0,1.0,1.0,1.0,1.0,1.0,1.0,1.0,1.0,1.0
Fri Feb 26 05:20:46 2016,1.0,1.0,1.0,1.0,1.0,1.0,1.0,1.0,1.0,1.0
Fri Feb 26 05:50:56 2016,1.0,1.0,1.0,1.0,1.0,1.0,1.0,1.0,1.0,1.0
Fri Feb 26 06:21:07 2016,1.0,1.0,1.0,1.0,1.0,1.0,1.0,1.0,1.0,1.0
Fri Feb 26 06:51:19 2016,1.0,1.0,1.0,1.0,1.0,1.0,1.0,1.0,1.0,1.0
Fri Feb 26 07:21:30 2016,1.0,1.0,1.0,1.0,1.0,1.0,1.0,1.0,1.0,1.0
Fri Feb 26 07:51:42 2016,1.0,1.0,1.0,1.0,1.0,1.0,1.0,1.0,1.0,1.0
Fri Feb 26 08:21:54 2016,1.0,1.0,1.0,1.0,1.0,1.0,1.0,1.0,1.0,1.0
Fri Feb 26 08:52:06 2016,1.0,1.0,1.0,1.0,1.0,1.0,1.0,1.0,1.0,1.0
Fri Feb 26 09:22:18 2016,1.0,1.0,1.0,1.0,1.0,1.0,1.0,1.0,1.0,1.0
Fri Feb 26 09:52:29 2016,1.0,1.0,1.0,1.0,1.0,1.0,1.0,1.0,1.0,1.0
Fri Feb 26 10:22:41 2016,1.0,1.0,1.0,1.0,1.0,1.0,1.0,1.0,1.0,1.0
Fri Feb 26 10:52:52 2016,1.0,1.0,1.0,1.0,1.0,1.0,1.0,1.0,1.0,1.0
Fri Feb 26 11:23:04 2016,1.0,1.0,1.0,1.0,1.0,1.0,1.0,1.0,1.0,1.0
Fri Feb 26 11:53:16 2016,1.0,1.0,1.0,1.0,1.0,1.0,1.0,1.0,1.0,1.0
Fri Feb 26 12:23:28 2016,1.0,1.0,1.0,1.0,1.0,1.0,1.0,1.0,1.0,1.0
Fri Feb 26 12:53:39 2016,1.0,1.0,1.0,1.0,1.0,1.0,1.0,1.0,1.0,1.0
Fri Feb 26 13:23:50 2016,1.0,1.0,1.0,1.0,1.0,1.0,1.0,1.0,1.0,1.0
Fri Feb 26 13:54:01 2016,1.0,1.0,1.0,1.0,1.0,1.0,1.0,1.0,1.0,1.0
Fri Feb 26 14:15:38 2016,1.0,1.0,1.0,1.0,1.0,1.0,1.0,1.0,1.0,1.0
